node_id,x,y,degree,node_type,elevation_m,demand_lps,service_area_m2,pressure_m,head_m,cluster,f1_topology,dma_mean_elev,f2_elevation,dma_p_lo,dma_p_hi,f3_pressure,dma_mean_demand,f4_demand,passed,selected
J1,280144.042,2117131.005,1,dead_end,44.22,0.64225,38547.9,59.62,103.84,1,True,44.577999999999996,False,52.72,66.21,False,0.2977485,True,False,False
J2,280170.262,2117149.483,1,dead_end,45.3,0.10986,6593.8,60.34,105.64,1,True,44.577999999999996,True,52.72,66.21,False,0.2977485,False,False,False
J3,280193.54,2117144.482,5,junction,45.3,0.30129,18083.5,60.37,105.67,1,True,44.577999999999996,True,52.72,66.21,False,0.2977485,True,False,True
J4,280193.833,2116875.828,1,dead_end,37.76,0.73722,44248.0,58.72,96.48,1,True,44.577999999999996,False,52.72,66.21,False,0.2977485,True,False,False
J5,280206.209,2117305.695,1,dead_end,46.29,0.2696,16181.4,59.3,105.59,1,True,44.577999999999996,True,52.72,66.21,False,0.2977485,False,False,False
J6,280235.756,2117301.837,4,junction,46.83,0.06677,4007.7,58.91,105.74,1,True,44.577999999999996,True,52.72,66.21,False,0.2977485,False,False,False
J7,280237.353,2117307.861,1,dead_end,46.83,0.27467,16485.8,58.88,105.71,1,True,44.577999999999996,True,52.72,66.21,False,0.2977485,False,False,False
J8,280247.755,2117211.087,3,junction,45.92,0.32208,19331.5,60.03,105.95,1,True,44.577999999999996,True,52.72,66.21,False,0.2977485,True,False,True
J9,280319.849,2115993.528,1,dead_end,43.3,0.0048,288.0,32.42,75.72,3,True,42.5,True,27.81,35.73,False,0.04089285714285714,False,False,False
J10,280320.266,2115964.571,1,dead_end,46.4,0.1562,9375.4,23.84,70.24,3,True,42.5,True,27.81,35.73,True,0.04089285714285714,True,True,True
J11,280331.683,2115943.287,3,junction,44.73,0.16274,9767.9,25.63,70.36,3,True,42.5,True,27.81,35.73,True,0.04089285714285714,True,True,True
J12,280354.611,2115943.297,1,dead_end,43.89,0.04394,2637.2,26.47,70.36,3,True,42.5,True,27.81,35.73,True,0.04089285714285714,True,True,True
J13,280360.433,2116895.718,1,dead_end,41.21,0.47204,28332.1,67.53,108.74,1,True,44.577999999999996,False,52.72,66.21,True,0.2977485,True,False,False
J14,280383.253,2115951.067,1,dead_end,42.22,0.00653,392.0,28.02,70.24,3,True,42.5,False,27.81,35.73,False,0.04089285714285714,False,False,False
J15,280383.691,2115957.949,1,dead_end,42.21,0.01904,1142.7,28.03,70.24,3,True,42.5,False,27.81,35.73,False,0.04089285714285714,False,False,False
J16,280397.027,2115951.395,3,junction,42.33,0.00722,433.4,27.91,70.24,3,True,42.5,False,27.81,35.73,False,0.04089285714285714,False,False,False
J17,280397.136,2115942.655,3,junction,42.33,0.00311,186.6,27.92,70.25,3,True,42.5,False,27.81,35.73,False,0.04089285714285714,False,False,False
J18,280397.464,2115932.386,1,dead_end,42.41,0.04178,2507.7,27.83,70.24,3,True,42.5,False,27.81,35.73,False,0.04089285714285714,True,False,False
J19,280404.721,2115998.751,1,dead_end,40.42,0.0222,1332.6,29.85,70.27,3,True,42.5,False,27.81,35.73,False,0.04089285714285714,False,False,False
J20,280405.088,2116893.568,1,dead_end,41.87,0.08663,5199.4,68.23,110.1,1,True,44.577999999999996,False,52.72,66.21,True,0.2977485,False,False,False
J21,280416.703,2115942.973,3,junction,42.59,0.0044,264.1,27.69,70.28,3,True,42.5,True,27.81,35.73,True,0.04089285714285714,False,False,False
J22,280416.758,2115942.293,3,junction,42.59,0.0066,396.1,27.69,70.28,3,True,42.5,True,27.81,35.73,True,0.04089285714285714,False,False,False
J23,280427.986,2115916.5,3,junction,42.66,0.0688,4129.4,27.74,70.4,3,True,42.5,True,27.81,35.73,True,0.04089285714285714,True,True,True
J24,280429.151,2115962.123,1,dead_end,42.7,0.02498,1499.4,27.57,70.27,3,True,42.5,True,27.81,35.73,True,0.04089285714285714,False,False,False
J25,280432.464,2116899.724,3,junction,42.35,0.14999,9002.3,67.78,110.13,1,True,44.577999999999996,False,52.72,66.21,True,0.2977485,False,False,False
J26,280448.752,2116893.124,3,junction,42.35,0.12061,7239.2,67.79,110.14,1,True,44.577999999999996,False,52.72,66.21,True,0.2977485,False,False,False
J27,280451.775,2117173.713,1,dead_end,44.82,0.63087,37864.6,62.14,106.96,1,True,44.577999999999996,True,52.72,66.21,False,0.2977485,True,False,True
J28,280453.071,2116793.447,1,dead_end,41.51,0.55135,33092.1,65.88,107.39,1,True,44.577999999999996,False,52.72,66.21,False,0.2977485,True,False,False
J29,280466.595,2116007.581,4,junction,40.77,0.03796,2278.6,34.95,75.72,3,True,42.5,False,27.81,35.73,False,0.04089285714285714,False,False,False
J30,280468.373,2115951.643,3,junction,42.31,0.10456,6275.6,33.34,75.65,3,True,42.5,False,27.81,35.73,False,0.04089285714285714,True,False,False
J31,280498.22,2116031.073,4,junction,36.71,0.02256,1354.2,39.01,75.72,3,True,42.5,False,27.81,35.73,True,0.04089285714285714,False,False,False
J32,280515.731,2117181.222,4,junction,44.21,0.38162,22905.1,65.2,109.41,1,True,44.577999999999996,False,52.72,66.21,False,0.2977485,True,False,False
J33,280519.063,2116005.265,3,junction,41.56,0.09719,5833.3,34.16,75.72,3,True,42.5,False,27.81,35.73,False,0.04089285714285714,True,False,False
J34,280523.78,2116030.826,4,junction,39.63,0.06053,3633.2,36.09,75.72,3,True,42.5,False,27.81,35.73,True,0.04089285714285714,True,False,False
J35,280527.785,2117472.59,1,dead_end,53.3,0.36426,21862.6,56.64,109.94,2,True,54.91976744186047,False,49.51,58.98,False,0.062293604651162786,True,False,False
J36,280552.471,2116874.651,1,dead_end,46.31,0.08794,5278.4,63.95,110.26,1,True,44.577999999999996,True,52.72,66.21,False,0.2977485,False,False,False
J37,280557.697,2116343.929,1,dead_end,40.37,0.0335,2010.5,37.15,77.52,5,True,48.44123456790123,False,32.49,35.96,True,0.043671728395061726,False,False,False
J38,280562.339,2116865.362,1,dead_end,46.79,0.03618,2171.6,22.79,69.58,1,True,44.577999999999996,True,52.72,66.21,True,0.2977485,False,False,False
J39,280574.022,2116861.869,1,dead_end,46.95,0.0169,1014.3,22.63,69.58,1,True,44.577999999999996,True,52.72,66.21,True,0.2977485,False,False,False
J40,280576.379,2116951.25,1,dead_end,47.79,0.41305,24791.1,28.71,76.5,1,True,44.577999999999996,True,52.72,66.21,True,0.2977485,True,True,True
J41,280577.794,2116858.62,3,junction,46.95,0.28405,17048.8,22.63,69.58,1,True,44.577999999999996,True,52.72,66.21,True,0.2977485,False,False,True
J42,280578.552,2116302.115,4,junction,41.32,0.03323,1994.4,36.21,77.53,5,True,48.44123456790123,False,32.49,35.96,True,0.043671728395061726,False,False,False
J43,280580.717,2116173.606,1,dead_end,41.73,0.02052,1231.5,35.73,77.46,3,True,42.5,False,27.81,35.73,True,0.04089285714285714,False,False,False
J44,280585.629,2116143.013,1,dead_end,40.74,0.0214,1284.7,34.97,75.71,3,True,42.5,False,27.81,35.73,False,0.04089285714285714,False,False,False
J45,280586.773,2116117.181,3,junction,41.3,0.03616,2170.1,34.42,75.72,3,True,42.5,False,27.81,35.73,False,0.04089285714285714,False,False,False
J46,280587.358,2116471.393,1,dead_end,47.13,0.14607,8767.1,23.04,70.17,5,True,48.44123456790123,False,32.49,35.96,True,0.043671728395061726,True,False,False
J47,280592.75,2116223.071,1,dead_end,40.69,0.0342,2052.5,36.79,77.48,5,True,48.44123456790123,False,32.49,35.96,True,0.043671728395061726,False,False,False
J48,280598.841,2116170.057,3,junction,41.73,0.0301,1806.5,35.73,77.46,3,True,42.5,False,27.81,35.73,True,0.04089285714285714,False,False,False
J49,280602.935,2116113.678,1,dead_end,41.3,0.03784,2271.4,34.41,75.71,3,True,42.5,False,27.81,35.73,False,0.04089285714285714,False,False,False
J50,280606.162,2116643.137,1,dead_end,47.66,0.36026,21622.7,21.17,68.83,4,True,50.87396226415095,False,38.28,46.39,True,0.08871490566037735,True,False,False
J51,280607.894,2116557.013,3,junction,47.69,0.13414,8050.9,21.9,69.59,5,True,48.44123456790123,False,32.49,35.96,True,0.043671728395061726,True,False,False
J52,280610.264,2116219.872,4,junction,40.69,0.02404,1442.9,36.8,77.49,5,True,48.44123456790123,False,32.49,35.96,True,0.043671728395061726,False,False,False
J53,280611.631,2116354.588,1,dead_end,44.58,0.10573,6345.7,32.14,76.72,5,True,48.44123456790123,False,32.49,35.96,True,0.043671728395061726,True,False,False
J54,280615.97,2116056.56,1,dead_end,42.09,0.06726,4037.0,36.97,79.06,3,True,42.5,False,27.81,35.73,True,0.04089285714285714,True,False,False
J55,280616.459,2116518.743,1,dead_end,46.34,0.0872,5234.0,23.22,69.56,5,True,48.44123456790123,False,32.49,35.96,True,0.043671728395061726,True,False,False
J56,280619.055,2116275.681,3,junction,42.94,0.03937,2363.3,34.58,77.52,5,True,48.44123456790123,False,32.49,35.96,False,0.043671728395061726,False,False,False
J57,280619.297,2117463.971,1,dead_end,54.27,0.10019,6013.2,56.79,111.06,2,True,54.91976744186047,False,49.51,58.98,False,0.062293604651162786,True,False,False
J58,280620.894,2117524.905,1,dead_end,57.29,0.03322,1993.7,53.66,110.95,2,True,54.91976744186047,True,49.51,58.98,False,0.062293604651162786,False,False,False
J59,280622.228,2116313.185,5,junction,42.69,0.02808,1685.3,34.92,77.61,5,True,48.44123456790123,False,32.49,35.96,False,0.043671728395061726,False,False,False
J60,280624.364,2117523.842,1,dead_end,57.29,0.00174,104.3,54.37,111.66,2,True,54.91976744186047,True,49.51,58.98,False,0.062293604651162786,False,False,False
J61,280630.653,2117525.225,1,dead_end,56.93,0.00429,257.6,54.03,110.96,2,True,54.91976744186047,True,49.51,58.98,False,0.062293604651162786,False,False,False
J62,280630.728,2117575.086,1,dead_end,58.34,0.16176,9709.0,53.22,111.56,2,True,54.91976744186047,True,49.51,58.98,False,0.062293604651162786,True,False,False
J63,280633.373,2117516.567,1,dead_end,56.77,0.00346,207.7,54.89,111.66,2,True,54.91976744186047,True,49.51,58.98,False,0.062293604651162786,False,False,False
J64,280636.289,2117501.502,4,junction,56.52,0.01084,650.9,54.43,110.95,2,True,54.91976744186047,True,49.51,58.98,False,0.062293604651162786,False,False,False
J65,280637.405,2117501.845,4,junction,56.52,0.00274,164.2,54.44,110.96,2,True,54.91976744186047,True,49.51,58.98,False,0.062293604651162786,False,False,False
J66,280637.73,2117187.067,3,junction,51.37,0.09521,5714.2,58.98,110.35,2,True,54.91976744186047,False,49.51,58.98,True,0.062293604651162786,True,False,False
J67,280637.828,2116201.925,1,dead_end,44.94,0.04214,2529.3,32.54,77.48,5,True,48.44123456790123,False,32.49,35.96,False,0.043671728395061726,False,False,False
J68,280641.404,2117187.243,4,junction,51.37,0.00399,239.2,58.99,110.36,2,True,54.91976744186047,False,49.51,58.98,True,0.062293604651162786,False,False,False
J69,280641.841,2115979.004,1,dead_end,43.95,0.0979,5875.7,31.76,75.71,3,True,42.5,True,27.81,35.73,False,0.04089285714285714,True,False,True
J70,280642.129,2117189.622,3,junction,51.37,0.01459,876.0,58.99,110.36,2,True,54.91976744186047,False,49.51,58.98,True,0.062293604651162786,False,False,False
J71,280643.031,2117527.948,4,junction,57.04,0.04594,2757.2,54.62,111.66,2,True,54.91976744186047,True,49.51,58.98,False,0.062293604651162786,False,False,False
J72,280643.564,2116034.311,1,dead_end,42.25,0.02432,1459.4,36.86,79.11,3,True,42.5,False,27.81,35.73,True,0.04089285714285714,False,False,False
J73,280645.213,2117519.589,4,junction,56.77,0.01694,1016.9,54.89,111.66,2,True,54.91976744186047,True,49.51,58.98,False,0.062293604651162786,False,False,False
J74,280646.841,2117468.552,6,junction,52.58,0.00914,548.4,58.5,111.08,2,True,54.91976744186047,False,49.51,58.98,False,0.062293604651162786,False,False,False
J75,280648.687,2115988.474,3,junction,43.95,0.00934,560.8,31.77,75.72,3,True,42.5,True,27.81,35.73,False,0.04089285714285714,False,False,False
J76,280648.886,2117505.374,1,dead_end,56.62,0.03351,2011.5,54.33,110.95,2,True,54.91976744186047,True,49.51,58.98,False,0.062293604651162786,False,False,False
J77,280652.436,2117447.921,3,junction,52.58,0.03961,2377.1,58.5,111.08,2,True,54.91976744186047,False,49.51,58.98,False,0.062293604651162786,False,False,False
J78,280652.953,2117448.012,4,junction,52.58,0.00551,331.0,58.5,111.08,2,True,54.91976744186047,False,49.51,58.98,False,0.062293604651162786,False,False,False
J79,280653.816,2115989.834,3,junction,43.95,0.01285,771.5,31.77,75.72,3,True,42.5,True,27.81,35.73,False,0.04089285714285714,False,False,False
J80,280654.9,2115982.85,1,dead_end,43.95,0.02335,1401.2,31.77,75.72,3,True,42.5,True,27.81,35.73,False,0.04089285714285714,False,False,False
J81,280656.112,2116063.885,1,dead_end,43.87,0.01795,1077.2,35.24,79.11,3,True,42.5,True,27.81,35.73,False,0.04089285714285714,False,False,False
J82,280656.591,2117187.971,5,junction,51.16,0.00525,315.0,59.32,110.48,2,True,54.91976744186047,False,49.51,58.98,True,0.062293604651162786,False,False,False
J83,280657.664,2117140.292,1,dead_end,50.41,0.22915,13753.7,59.89,110.3,2,True,54.91976744186047,False,49.51,58.98,True,0.062293604651162786,True,False,False
J84,280657.993,2117470.407,1,dead_end,52.58,0.03524,2115.0,58.5,111.08,2,True,54.91976744186047,False,49.51,58.98,False,0.062293604651162786,False,False,False
J85,280659.52,2116303.716,1,dead_end,46.24,0.02482,1489.5,33.01,79.25,5,True,48.44123456790123,False,32.49,35.96,False,0.043671728395061726,False,False,False
J86,280661.699,2117200.982,1,dead_end,51.24,0.00201,120.4,59.26,110.5,2,True,54.91976744186047,False,49.51,58.98,True,0.062293604651162786,False,False,False
J87,280661.734,2117202.982,4,junction,51.22,0.0192,1152.5,59.28,110.5,2,True,54.91976744186047,False,49.51,58.98,True,0.062293604651162786,False,False,False
J88,280662.312,2116029.513,3,junction,42.79,0.02519,1511.8,36.32,79.11,3,True,42.5,True,27.81,35.73,True,0.04089285714285714,False,False,False
J89,280663.35,2117449.842,1,dead_end,52.58,0.0691,4147.4,58.5,111.08,2,True,54.91976744186047,False,49.51,58.98,False,0.062293604651162786,True,False,False
J90,280666.553,2116321.452,4,junction,46.24,0.03665,2199.5,33.01,79.25,5,True,48.44123456790123,False,32.49,35.96,False,0.043671728395061726,False,False,False
J91,280667.287,2117184.327,4,junction,51.08,0.00502,301.5,59.4,110.48,2,True,54.91976744186047,False,49.51,58.98,True,0.062293604651162786,False,False,False
J92,280668.473,2116090.652,1,dead_end,44.84,0.02254,1353.0,34.27,79.11,3,True,42.5,True,27.81,35.73,False,0.04089285714285714,False,False,False
J93,280669.331,2116254.703,1,dead_end,44.56,0.02588,1553.2,34.58,79.14,5,True,48.44123456790123,False,32.49,35.96,False,0.043671728395061726,False,False,False
J94,280669.504,2117289.154,4,junction,52.04,0.15579,9350.8,58.76,110.8,2,True,54.91976744186047,False,49.51,58.98,False,0.062293604651162786,True,False,False
J95,280672.263,2117198.614,3,junction,51.15,0.00252,151.4,59.35,110.5,2,True,54.91976744186047,False,49.51,58.98,True,0.062293604651162786,False,False,False
J96,280672.424,2116122.708,1,dead_end,44.51,0.04483,2690.8,34.6,79.11,5,True,48.44123456790123,False,32.49,35.96,False,0.043671728395061726,True,False,False
J97,280672.949,2117200.584,5,junction,51.15,0.00419,251.7,59.36,110.51,2,True,54.91976744186047,False,49.51,58.98,True,0.062293604651162786,False,False,False
J98,280673.102,2116051.829,3,junction,43.33,0.03157,1894.6,35.78,79.11,3,True,42.5,True,27.81,35.73,True,0.04089285714285714,False,False,False
J99,280676.311,2117180.351,1,dead_end,50.96,0.03348,2009.3,59.52,110.48,2,True,54.91976744186047,False,49.51,58.98,True,0.062293604651162786,False,False,False
J100,280678.818,2117353.668,3,junction,47.71,0.11903,7144.3,63.36,111.07,2,True,54.91976744186047,False,49.51,58.98,True,0.062293604651162786,True,False,False
J101,280679.151,2117287.037,4,junction,52.04,0.02164,1298.7,58.74,110.78,2,True,54.91976744186047,False,49.51,58.98,False,0.062293604651162786,False,False,False
J102,280680.57,2117221.85,4,junction,51.53,0.02113,1268.3,58.99,110.52,2,True,54.91976744186047,False,49.51,58.98,True,0.062293604651162786,False,False,False
J103,280681.572,2116221.149,1,dead_end,45.38,0.02029,1218.1,33.75,79.13,5,True,48.44123456790123,False,32.49,35.96,False,0.043671728395061726,False,False,False
J104,280684.356,2116261.118,3,junction,44.56,0.03108,1865.6,34.58,79.14,5,True,48.44123456790123,False,32.49,35.96,False,0.043671728395061726,False,False,False
J105,280688.724,2117352.885,4,junction,47.71,0.00794,476.5,63.42,111.13,2,True,54.91976744186047,False,49.51,58.98,True,0.062293604651162786,False,False,False
J106,280689.113,2117351.394,4,junction,47.71,0.00046,27.8,63.4,111.11,2,True,54.91976744186047,False,49.51,58.98,True,0.062293604651162786,False,False,False
J107,280690.536,2117345.942,3,junction,47.71,0.01496,898.2,63.39,111.1,2,True,54.91976744186047,False,49.51,58.98,True,0.062293604651162786,False,False,False
J108,280692.305,2117350.689,3,junction,47.71,0.00138,82.7,63.39,111.1,2,True,54.91976744186047,False,49.51,58.98,True,0.062293604651162786,False,False,False
J109,280692.807,2117255.59,4,junction,52.75,0.01791,1074.9,57.89,110.64,2,True,54.91976744186047,False,49.51,58.98,False,0.062293604651162786,False,False,False
J110,280692.9,2117352.284,4,junction,47.71,0.04649,2790.6,63.39,111.1,2,True,54.91976744186047,False,49.51,58.98,True,0.062293604651162786,False,False,False
J111,280694.772,2116224.171,3,junction,45.38,0.03278,1967.4,33.75,79.13,5,True,48.44123456790123,False,32.49,35.96,False,0.043671728395061726,False,False,False
J112,280694.889,2116094.207,5,junction,45.96,0.0134,804.6,33.15,79.11,5,True,48.44123456790123,False,32.49,35.96,False,0.043671728395061726,False,False,False
J113,280695.821,2117213.442,1,dead_end,51.69,0.02038,1223.3,58.83,110.52,2,True,54.91976744186047,False,49.51,58.98,False,0.062293604651162786,False,False,False
J114,280696.286,2116178.781,1,dead_end,45.74,0.04685,2811.9,33.37,79.11,5,True,48.44123456790123,False,32.49,35.96,False,0.043671728395061726,True,False,False
J115,280702.902,2116096.189,4,junction,45.96,0.02253,1352.3,33.15,79.11,5,True,48.44123456790123,False,32.49,35.96,False,0.043671728395061726,False,False,False
J116,280702.902,2116720.316,1,dead_end,51.21,0.28439,17068.9,40.67,91.88,4,True,50.87396226415095,True,38.28,46.39,False,0.08871490566037735,True,False,False
J117,280703.348,2117253.02,1,dead_end,52.75,0.04565,2740.0,57.89,110.64,2,True,54.91976744186047,False,49.51,58.98,False,0.062293604651162786,False,False,False
J118,280705.955,2116703.626,1,dead_end,51.21,0.15353,9215.1,41.27,92.48,4,True,50.87396226415095,True,38.28,46.39,False,0.08871490566037735,True,False,False
J119,280707.58,2116341.134,5,junction,48.31,0.05765,3460.0,28.54,76.85,5,True,48.44123456790123,False,32.49,35.96,True,0.043671728395061726,True,False,False
J120,280711.747,2116597.376,4,junction,51.31,0.15566,9343.0,18.36,69.67,4,True,50.87396226415095,True,38.28,46.39,True,0.08871490566037735,True,True,True
J121,280712.686,2116329.38,3,junction,48.31,0.02411,1447.1,32.84,81.15,5,True,48.44123456790123,False,32.49,35.96,False,0.043671728395061726,False,False,False
J122,280713.046,2116564.858,5,junction,51.14,0.1651,9909.5,18.53,69.67,4,True,50.87396226415095,True,38.28,46.39,True,0.08871490566037735,True,True,True
J123,280714.095,2116466.584,3,junction,50.56,0.3149,18900.6,19.82,70.38,5,True,48.44123456790123,True,32.49,35.96,True,0.043671728395061726,True,True,True
J124,280717.111,2116140.268,1,dead_end,47.42,0.02022,1213.8,31.7,79.12,5,True,48.44123456790123,False,32.49,35.96,True,0.043671728395061726,False,False,False
J125,280717.26,2115971.27,1,dead_end,43.97,0.05782,3470.3,31.65,75.62,3,True,42.5,True,27.81,35.73,False,0.04089285714285714,True,False,False
J126,280724.166,2116338.995,1,dead_end,48.31,0.05096,3058.4,28.54,76.85,5,True,48.44123456790123,False,32.49,35.96,True,0.043671728395061726,True,False,False
J127,280724.257,2117321.619,1,dead_end,51.74,0.10594,6358.3,58.83,110.57,2,True,54.91976744186047,False,49.51,58.98,False,0.062293604651162786,True,False,False
J128,280728.316,2116147.276,4,junction,47.42,0.03495,2097.4,31.7,79.12,5,True,48.44123456790123,False,32.49,35.96,True,0.043671728395061726,False,False,False
J129,280737.712,2117019.488,3,junction,50.55,0.28903,17347.6,36.79,87.34,2,True,54.91976744186047,False,49.51,58.98,True,0.062293604651162786,True,False,False
J130,280737.821,2117201.686,1,dead_end,53.42,0.06986,4192.8,57.05,110.47,2,True,54.91976744186047,False,49.51,58.98,False,0.062293604651162786,True,False,False
J131,280743.876,2116110.876,4,junction,48.75,0.04092,2455.9,30.36,79.11,5,True,48.44123456790123,True,32.49,35.96,True,0.043671728395061726,False,False,False
J132,280746.746,2116274.927,1,dead_end,48.41,0.03715,2229.5,33.69,82.1,5,True,48.44123456790123,False,32.49,35.96,False,0.043671728395061726,False,False,False
J133,280751.768,2116064.426,1,dead_end,48.28,0.03815,2289.6,30.83,79.11,5,True,48.44123456790123,False,32.49,35.96,True,0.043671728395061726,False,False,False
J134,280756.436,2116282.946,4,junction,49.61,0.01363,818.0,32.49,82.1,5,True,48.44123456790123,True,32.49,35.96,True,0.043671728395061726,False,False,False
J135,280759.225,2117029.568,1,dead_end,50.55,0.12941,7767.0,36.75,87.3,2,True,54.91976744186047,False,49.51,58.98,True,0.062293604651162786,True,False,False
J136,280761.586,2116069.907,4,junction,48.28,0.03831,2299.3,30.83,79.11,5,True,48.44123456790123,False,32.49,35.96,True,0.043671728395061726,False,False,False
J137,280768.471,2116292.906,4,junction,50.82,0.01053,632.1,31.38,82.2,5,True,48.44123456790123,True,32.49,35.96,True,0.043671728395061726,False,False,False
J138,280769.167,2116325.516,3,junction,51.72,0.07228,4338.5,30.76,82.48,5,True,48.44123456790123,True,32.49,35.96,True,0.043671728395061726,True,True,True
J139,280772.215,2116218.352,1,dead_end,48.64,0.04471,2683.5,33.49,82.13,5,True,48.44123456790123,True,32.49,35.96,False,0.043671728395061726,True,False,False
J140,280772.577,2116014.269,1,dead_end,48.02,0.08885,5332.8,31.05,79.07,5,True,48.44123456790123,False,32.49,35.96,True,0.043671728395061726,True,False,False
J141,280776.62,2116298.842,1,dead_end,52.02,0.02261,1357.2,30.18,82.2,5,True,48.44123456790123,True,32.49,35.96,True,0.043671728395061726,False,False,False
J142,280777.145,2117177.251,1,dead_end,53.34,0.11418,6853.2,52.07,105.41,2,True,54.91976744186047,False,49.51,58.98,False,0.062293604651162786,True,False,False
J143,280780.575,2116229.217,4,junction,48.68,0.01557,934.3,33.45,82.13,5,True,48.44123456790123,True,32.49,35.96,False,0.043671728395061726,False,False,False
J144,280791.446,2116243.345,4,junction,48.86,0.0131,786.4,33.34,82.2,5,True,48.44123456790123,True,32.49,35.96,False,0.043671728395061726,False,False,False
J145,280791.638,2117495.748,1,dead_end,60.0,0.08032,4821.1,50.04,110.04,2,True,54.91976744186047,True,49.51,58.98,False,0.062293604651162786,True,False,False
J146,280794.148,2117435.064,6,junction,58.24,0.10413,6249.8,51.86,110.1,2,True,54.91976744186047,True,49.51,58.98,False,0.062293604651162786,True,False,False
J147,280796.837,2117494.546,4,junction,60.0,0.00309,185.2,49.93,109.93,2,True,54.91976744186047,True,49.51,58.98,False,0.062293604651162786,False,False,False
J148,280797.772,2117440.067,4,junction,58.24,0.00654,392.3,51.83,110.07,2,True,54.91976744186047,True,49.51,58.98,False,0.062293604651162786,False,False,False
J149,280798.247,2117502.266,1,dead_end,60.0,0.37902,22748.6,49.86,109.86,2,True,54.91976744186047,True,49.51,58.98,False,0.062293604651162786,True,False,True
J150,280798.925,2117441.657,4,junction,58.24,0.00703,421.9,51.8,110.04,2,True,54.91976744186047,True,49.51,58.98,False,0.062293604651162786,False,False,False
J151,280799.007,2117494.613,4,junction,60.0,0.05235,3142.2,49.93,109.93,2,True,54.91976744186047,True,49.51,58.98,False,0.062293604651162786,False,False,False
J152,280799.668,2116163.456,1,dead_end,49.25,0.03608,2165.4,33.17,82.42,5,True,48.44123456790123,True,32.49,35.96,False,0.043671728395061726,False,False,False
J153,280802.089,2116247.599,1,dead_end,48.92,0.05081,3049.8,33.27,82.19,5,True,48.44123456790123,True,32.49,35.96,False,0.043671728395061726,True,False,False
J154,280803.04,2117447.338,5,junction,58.24,0.08337,5003.6,51.75,109.99,2,True,54.91976744186047,True,49.51,58.98,False,0.062293604651162786,True,False,False
J155,280806.631,2116171.221,4,junction,49.27,0.01314,788.5,33.16,82.43,5,True,48.44123456790123,True,32.49,35.96,False,0.043671728395061726,False,False,False
J156,280814.948,2117189.33,3,junction,53.78,0.03586,2152.6,51.7,105.48,2,True,54.91976744186047,False,49.51,58.98,False,0.062293604651162786,False,False,False
J157,280818.661,2116184.639,4,junction,49.32,0.01571,942.9,33.11,82.43,5,True,48.44123456790123,True,32.49,35.96,False,0.043671728395061726,False,False,False
J158,280823.715,2117214.889,4,junction,55.35,0.03547,2128.9,50.14,105.49,2,True,54.91976744186047,True,49.51,58.98,False,0.062293604651162786,False,False,False
J159,280825.731,2116107.447,1,dead_end,49.36,0.03359,2016.3,33.38,82.74,5,True,48.44123456790123,True,32.49,35.96,False,0.043671728395061726,False,False,False
J160,280826.468,2116127.067,1,dead_end,49.36,0.01769,1061.6,33.57,82.93,5,True,48.44123456790123,True,32.49,35.96,False,0.043671728395061726,False,False,False
J161,280827.664,2117275.096,1,dead_end,57.52,0.06532,3920.3,47.98,105.5,2,True,54.91976744186047,True,49.51,58.98,True,0.062293604651162786,True,True,True
J162,280830.949,2116324.222,3,junction,51.71,0.04024,2415.0,33.06,84.77,5,True,48.44123456790123,True,32.49,35.96,False,0.043671728395061726,False,False,False
J163,280831.676,2116189.046,1,dead_end,49.32,0.04169,2502.3,33.11,82.43,5,True,48.44123456790123,True,32.49,35.96,False,0.043671728395061726,False,False,False
J164,280832.587,2116113.446,4,junction,49.36,0.00885,531.3,33.38,82.74,5,True,48.44123456790123,True,32.49,35.96,False,0.043671728395061726,False,False,False
J165,280837.441,2117020.426,1,dead_end,51.4,0.18721,11236.1,35.67,87.07,2,True,54.91976744186047,False,49.51,58.98,True,0.062293604651162786,True,False,False
J166,280839.396,2117275.096,3,junction,57.52,0.01125,675.0,47.99,105.51,2,True,54.91976744186047,True,49.51,58.98,True,0.062293604651162786,False,False,False
J167,280839.396,2117282.504,1,dead_end,57.52,0.04714,2829.4,47.99,105.51,2,True,54.91976744186047,True,49.51,58.98,True,0.062293604651162786,False,False,False
J168,280841.734,2117187.663,1,dead_end,56.72,0.06167,3701.6,48.75,105.47,2,True,54.91976744186047,True,49.51,58.98,True,0.062293604651162786,False,False,False
J169,280842.358,2116133.519,4,junction,49.47,0.01407,844.7,33.46,82.93,5,True,48.44123456790123,True,32.49,35.96,False,0.043671728395061726,False,False,False
J170,280845.715,2117354.393,1,dead_end,58.29,0.16011,9609.8,51.47,109.76,2,True,54.91976744186047,True,49.51,58.98,False,0.062293604651162786,True,False,False
J171,280845.788,2116337.629,1,dead_end,51.66,0.16708,10027.9,33.06,84.72,5,True,48.44123456790123,True,32.49,35.96,False,0.043671728395061726,True,False,False
J172,280846.159,2116125.32,4,junction,49.47,0.00507,304.4,33.44,82.91,5,True,48.44123456790123,True,32.49,35.96,False,0.043671728395061726,False,False,False
J173,280847.347,2117222.224,3,junction,56.25,0.01479,887.9,49.27,105.52,2,True,54.91976744186047,True,49.51,58.98,True,0.062293604651162786,False,False,False
J174,280847.347,2117243.156,3,junction,56.72,0.0115,690.5,48.79,105.51,2,True,54.91976744186047,True,49.51,58.98,True,0.062293604651162786,False,False,False
J175,280849.83,2116058.189,1,dead_end,49.66,0.06765,4060.6,33.01,82.67,5,True,48.44123456790123,True,32.49,35.96,False,0.043671728395061726,True,False,False
J176,280852.726,2116808.098,1,dead_end,54.6,0.17377,10429.4,38.12,92.72,4,True,50.87396226415095,True,38.28,46.39,True,0.08871490566037735,True,True,True
J177,280854.385,2116128.163,1,dead_end,49.53,0.02347,1408.7,33.38,82.91,5,True,48.44123456790123,True,32.49,35.96,False,0.043671728395061726,False,False,False
J178,280854.899,2117243.156,1,dead_end,56.72,0.02315,1389.5,48.79,105.51,2,True,54.91976744186047,True,49.51,58.98,True,0.062293604651162786,False,False,False
J179,280855.403,2116324.931,3,junction,51.84,0.00516,309.6,32.91,84.75,5,True,48.44123456790123,True,32.49,35.96,False,0.043671728395061726,False,False,False
J180,280860.357,2116880.982,1,dead_end,55.38,0.21448,12873.2,37.22,92.6,4,True,50.87396226415095,True,38.28,46.39,True,0.08871490566037735,True,True,True
J181,280863.063,2116311.81,1,dead_end,51.86,0.05629,3378.7,32.88,84.74,5,True,48.44123456790123,True,32.49,35.96,False,0.043671728395061726,True,False,False
J182,280865.664,2116325.253,3,junction,51.85,0.00327,196.2,32.9,84.75,5,True,48.44123456790123,True,32.49,35.96,False,0.043671728395061726,False,False,False
J183,280870.599,2116325.408,3,junction,51.86,0.07692,4617.0,32.88,84.74,5,True,48.44123456790123,True,32.49,35.96,False,0.043671728395061726,True,False,False
J184,280874.915,2116063.288,3,junction,49.29,0.0461,2766.8,34.54,83.83,5,True,48.44123456790123,True,32.49,35.96,False,0.043671728395061726,True,False,False
J185,280875.778,2116633.391,1,dead_end,52.55,0.4453,26726.7,15.0,67.55,4,True,50.87396226415095,True,38.28,46.39,True,0.08871490566037735,True,True,True
J186,280879.905,2116843.135,3,junction,54.7,0.05242,3146.1,38.09,92.79,4,True,50.87396226415095,True,38.28,46.39,True,0.08871490566037735,False,False,False
J187,280882.411,2116805.274,3,junction,54.52,0.02756,1654.2,38.27,92.79,4,True,50.87396226415095,True,38.28,46.39,True,0.08871490566037735,False,False,False
J188,280884.627,2116770.783,4,junction,54.52,0.09754,5854.3,38.28,92.8,4,True,50.87396226415095,True,38.28,46.39,True,0.08871490566037735,True,True,True
J189,280884.647,2116773.514,4,junction,54.52,0.01167,700.5,38.28,92.8,4,True,50.87396226415095,True,38.28,46.39,True,0.08871490566037735,False,False,False
J190,280889.54,2117217.11,4,junction,57.55,0.02096,1257.7,48.06,105.61,2,True,54.91976744186047,True,49.51,58.98,True,0.062293604651162786,False,False,False
J191,280889.819,2116152.531,4,junction,49.96,0.0241,1446.4,35.85,85.81,5,True,48.44123456790123,True,32.49,35.96,False,0.043671728395061726,False,False,False
J192,280894.507,2116216.576,1,dead_end,50.52,0.08861,5318.3,34.14,84.66,5,True,48.44123456790123,True,32.49,35.96,False,0.043671728395061726,True,False,False
J193,280896.209,2116151.69,1,dead_end,50.05,0.00319,191.7,35.76,85.81,5,True,48.44123456790123,True,32.49,35.96,False,0.043671728395061726,False,False,False
J194,280900.96,2117178.329,1,dead_end,56.93,0.08873,5325.3,49.93,106.86,2,True,54.91976744186047,True,49.51,58.98,False,0.062293604651162786,True,False,False
J195,280903.4,2116146.03,3,junction,50.05,0.00591,354.7,35.9,85.95,5,True,48.44123456790123,True,32.49,35.96,False,0.043671728395061726,False,False,False
J196,280903.566,2117217.565,3,junction,57.55,0.00575,345.0,48.95,106.5,2,True,54.91976744186047,True,49.51,58.98,True,0.062293604651162786,False,False,False
J197,280904.782,2117067.183,1,dead_end,54.65,0.32946,19774.0,51.06,105.71,2,True,54.91976744186047,False,49.51,58.98,False,0.062293604651162786,True,False,False
J198,280910.801,2116149.042,4,junction,50.05,0.0074,444.3,35.96,86.01,5,True,48.44123456790123,True,32.49,35.96,True,0.043671728395061726,False,False,False
J199,280912.029,2116167.387,1,dead_end,50.07,0.02868,1721.6,35.94,86.01,5,True,48.44123456790123,True,32.49,35.96,False,0.043671728395061726,False,False,False
J200,280912.229,2117229.112,1,dead_end,57.34,0.01529,917.7,49.28,106.62,2,True,54.91976744186047,True,49.51,58.98,True,0.062293604651162786,False,False,False
J201,280912.609,2116772.975,3,junction,53.69,0.0207,1242.3,39.18,92.87,4,True,50.87396226415095,True,38.28,46.39,False,0.08871490566037735,False,False,False
J202,280912.617,2117217.858,3,junction,57.39,0.00707,424.2,49.23,106.62,2,True,54.91976744186047,True,49.51,58.98,True,0.062293604651162786,False,False,False
J203,280913.026,2116138.516,1,dead_end,50.0,0.05159,3096.5,36.0,86.0,5,True,48.44123456790123,True,32.49,35.96,True,0.043671728395061726,True,True,True
J204,280917.428,2116773.162,4,junction,53.69,0.02862,1718.0,39.18,92.87,4,True,50.87396226415095,True,38.28,46.39,False,0.08871490566037735,False,False,False
J205,280918.191,2116775.826,4,junction,53.69,0.02564,1539.1,39.21,92.9,4,True,50.87396226415095,True,38.28,46.39,False,0.08871490566037735,False,False,False
J206,280921.983,2116928.834,1,dead_end,53.87,0.28,16805.5,51.01,104.88,4,True,50.87396226415095,True,38.28,46.39,True,0.08871490566037735,True,True,True
J207,280931.515,2117239.278,3,junction,57.32,0.00627,376.2,49.59,106.91,2,True,54.91976744186047,True,49.51,58.98,False,0.062293604651162786,False,False,False
J208,280932.233,2117247.547,1,dead_end,57.4,0.02545,1527.8,49.51,106.91,2,True,54.91976744186047,True,49.51,58.98,True,0.062293604651162786,False,False,False
J209,280933.411,2117220.444,4,junction,57.21,0.00339,203.7,49.7,106.91,2,True,54.91976744186047,True,49.51,58.98,False,0.062293604651162786,False,False,False
J210,280933.604,2117218.532,3,junction,57.21,0.00577,346.5,49.7,106.91,2,True,54.91976744186047,True,49.51,58.98,False,0.062293604651162786,False,False,False
J211,280934.288,2117218.572,4,junction,57.21,0.00554,332.7,49.7,106.91,2,True,54.91976744186047,True,49.51,58.98,False,0.062293604651162786,False,False,False
J212,280945.011,2117338.524,1,dead_end,63.58,0.09242,5547.3,41.92,105.5,2,True,54.91976744186047,True,49.51,58.98,True,0.062293604651162786,True,True,True
J213,280949.722,2117276.657,1,dead_end,59.42,0.05677,3407.4,47.57,106.99,2,True,54.91976744186047,True,49.51,58.98,True,0.062293604651162786,False,False,False
J214,280954.786,2117219.228,4,junction,56.91,0.01127,676.2,50.1,107.01,2,True,54.91976744186047,True,49.51,58.98,False,0.062293604651162786,False,False,False
J215,280956.373,2116202.371,4,junction,50.65,0.02224,1334.9,35.96,86.61,5,True,48.44123456790123,True,32.49,35.96,True,0.043671728395061726,False,False,False
J216,280965.103,2117400.663,1,dead_end,66.61,0.10475,6287.2,43.17,109.78,2,True,54.91976744186047,True,49.51,58.98,True,0.062293604651162786,True,True,True
J217,280965.31,2116194.362,1,dead_end,50.65,0.04506,2704.4,35.96,86.61,5,True,48.44123456790123,True,32.49,35.96,True,0.043671728395061726,True,True,True
J218,280965.879,2116229.206,1,dead_end,50.98,0.06305,3784.2,35.62,86.6,5,True,48.44123456790123,True,32.49,35.96,False,0.043671728395061726,True,False,False
J219,280965.902,2116862.836,1,dead_end,53.61,0.15501,9303.7,39.71,93.32,4,True,50.87396226415095,True,38.28,46.39,False,0.08871490566037735,True,False,False
J220,280969.149,2116677.53,1,dead_end,54.43,0.23449,14074.4,36.44,90.87,4,True,50.87396226415095,True,38.28,46.39,True,0.08871490566037735,True,True,True
J221,280969.879,2117194.563,1,dead_end,56.92,0.06169,3702.9,50.19,107.11,2,True,54.91976744186047,True,49.51,58.98,False,0.062293604651162786,False,False,False
J222,280969.879,2117219.667,4,junction,56.64,0.00595,357.3,50.48,107.12,2,True,54.91976744186047,True,49.51,58.98,False,0.062293604651162786,False,False,False
J223,280970.614,2116828.403,3,junction,53.69,0.03212,1927.7,39.7,93.39,4,True,50.87396226415095,True,38.28,46.39,False,0.08871490566037735,False,False,False
J224,280971.373,2117219.71,4,junction,56.64,0.00976,585.8,50.48,107.12,2,True,54.91976744186047,True,49.51,58.98,False,0.062293604651162786,False,False,False
J225,280974.249,2116367.113,1,dead_end,51.72,0.13392,8037.9,32.98,84.7,5,True,48.44123456790123,True,32.49,35.96,False,0.043671728395061726,True,False,False
J226,280980.533,2116791.438,3,junction,53.08,0.01888,1133.1,40.5,93.58,4,True,50.87396226415095,True,38.28,46.39,False,0.08871490566037735,False,False,False
J227,280981.03,2116778.196,3,junction,53.08,0.02945,1767.8,40.59,93.67,4,True,50.87396226415095,True,38.28,46.39,False,0.08871490566037735,False,False,False
J228,280984.11,2116346.142,4,junction,51.24,0.02666,1600.1,33.49,84.73,5,True,48.44123456790123,True,32.49,35.96,False,0.043671728395061726,False,False,False
J229,280988.7,2116828.419,1,dead_end,53.69,0.05288,3173.7,39.69,93.38,4,True,50.87396226415095,True,38.28,46.39,False,0.08871490566037735,False,False,False
J230,280991.707,2116334.023,1,dead_end,51.16,0.04081,2449.5,33.57,84.73,5,True,48.44123456790123,True,32.49,35.96,False,0.043671728395061726,False,False,False
J231,280998.759,2117220.506,5,junction,56.67,0.02945,1767.5,50.51,107.18,2,True,54.91976744186047,True,49.51,58.98,False,0.062293604651162786,False,False,False
J232,280999.693,2116735.462,3,junction,53.39,0.09694,5818.5,38.51,91.9,4,True,50.87396226415095,True,38.28,46.39,False,0.08871490566037735,True,False,False
J233,281000.852,2117262.207,3,junction,56.68,0.10689,6415.7,50.75,107.43,2,True,54.91976744186047,True,49.51,58.98,False,0.062293604651162786,True,False,False
J234,281003.618,2116234.59,4,junction,50.34,0.01107,664.6,36.81,87.15,5,True,48.44123456790123,True,32.49,35.96,True,0.043671728395061726,False,False,False
J235,281005.549,2116227.748,1,dead_end,50.72,0.0305,1830.8,36.43,87.15,5,True,48.44123456790123,True,32.49,35.96,True,0.043671728395061726,False,False,False
J236,281006.471,2117191.591,1,dead_end,56.5,0.16414,9851.5,50.61,107.11,2,True,54.91976744186047,True,49.51,58.98,False,0.062293604651162786,True,False,False
J237,281007.961,2116347.46,1,dead_end,51.22,0.03132,1879.6,33.51,84.73,5,True,48.44123456790123,True,32.49,35.96,False,0.043671728395061726,False,False,False
J238,281012.633,2116794.154,1,dead_end,53.48,0.06341,3805.9,40.08,93.56,4,True,50.87396226415095,True,38.28,46.39,False,0.08871490566037735,False,False,False
J239,281012.715,2116256.175,1,dead_end,50.15,0.04606,2764.6,36.99,87.14,5,True,48.44123456790123,True,32.49,35.96,True,0.043671728395061726,True,True,True
J240,281013.167,2116330.718,1,dead_end,51.09,0.00932,559.2,36.89,87.98,5,True,48.44123456790123,True,32.49,35.96,True,0.043671728395061726,False,False,False
J241,281014.384,2116443.441,1,dead_end,48.33,0.32469,19488.1,18.66,66.99,4,True,50.87396226415095,False,38.28,46.39,True,0.08871490566037735,True,False,False
J242,281019.954,2116332.6,3,junction,50.45,0.02097,1258.9,37.53,87.98,5,True,48.44123456790123,True,32.49,35.96,True,0.043671728395061726,False,False,False
J243,281030.902,2116296.264,3,junction,48.28,0.0258,1548.6,39.48,87.76,5,True,48.44123456790123,False,32.49,35.96,True,0.043671728395061726,False,False,False
J244,281051.927,2116292.667,3,junction,48.22,0.01656,993.9,39.71,87.93,5,True,48.44123456790123,False,32.49,35.96,True,0.043671728395061726,False,False,False
J245,281060.116,2116289.635,1,dead_end,48.19,0.04632,2780.2,39.73,87.92,5,True,48.44123456790123,False,32.49,35.96,True,0.043671728395061726,True,False,False
J246,281077.826,2117207.166,1,dead_end,56.32,0.29788,17878.7,49.61,105.93,2,True,54.91976744186047,True,49.51,58.98,False,0.062293604651162786,True,False,True
J247,281080.062,2116360.743,3,junction,49.29,0.08998,5400.8,39.15,88.44,5,True,48.44123456790123,True,32.49,35.96,True,0.043671728395061726,True,True,True
J248,281087.026,2116401.763,3,junction,47.36,0.07644,4587.7,41.5,88.86,4,True,50.87396226415095,False,38.28,46.39,False,0.08871490566037735,False,False,False
J249,281097.996,2116821.025,1,dead_end,50.2,0.10655,6395.1,47.36,97.56,4,True,50.87396226415095,False,38.28,46.39,True,0.08871490566037735,True,False,False
J250,281104.749,2116756.963,1,dead_end,49.68,0.07428,4458.3,46.16,95.84,4,True,50.87396226415095,False,38.28,46.39,False,0.08871490566037735,False,False,False
J251,281111.136,2116686.326,1,dead_end,50.9,0.06378,3828.3,44.72,95.62,4,True,50.87396226415095,True,38.28,46.39,False,0.08871490566037735,False,False,False
J252,281111.735,2116824.973,3,junction,50.2,0.22245,13351.7,47.37,97.57,4,True,50.87396226415095,False,38.28,46.39,True,0.08871490566037735,True,False,False
J253,281113.352,2116624.997,1,dead_end,48.58,0.05989,3594.5,46.79,95.37,4,True,50.87396226415095,False,38.28,46.39,True,0.08871490566037735,False,False,False
J254,281115.566,2116734.596,4,junction,49.68,0.05532,3320.1,46.18,95.86,4,True,50.87396226415095,False,38.28,46.39,False,0.08871490566037735,False,False,False
J255,281116.465,2116558.015,1,dead_end,48.73,0.08052,4832.5,44.78,93.51,4,True,50.87396226415095,False,38.28,46.39,False,0.08871490566037735,False,False,False
J256,281116.465,2116592.928,1,dead_end,48.75,0.04869,2922.5,46.51,95.26,4,True,50.87396226415095,False,38.28,46.39,True,0.08871490566037735,False,False,False
J257,281117.348,2116469.769,1,dead_end,49.86,0.04894,2937.6,39.27,89.13,4,True,50.87396226415095,False,38.28,46.39,False,0.08871490566037735,False,False,False
J258,281118.249,2116685.438,3,junction,50.9,0.03171,1903.3,44.72,95.62,4,True,50.87396226415095,True,38.28,46.39,False,0.08871490566037735,False,False,False
J259,281120.038,2116508.623,1,dead_end,49.27,0.04916,2950.5,41.12,90.39,4,True,50.87396226415095,False,38.28,46.39,False,0.08871490566037735,False,False,False
J260,281120.597,2116644.13,3,junction,48.58,0.0158,948.5,46.87,95.45,4,True,50.87396226415095,False,38.28,46.39,True,0.08871490566037735,False,False,False
J261,281121.015,2116636.778,3,junction,48.58,0.00261,156.7,46.84,95.42,4,True,50.87396226415095,False,38.28,46.39,True,0.08871490566037735,False,False,False
J262,281121.786,2116623.224,3,junction,48.58,0.0098,588.0,46.79,95.37,4,True,50.87396226415095,False,38.28,46.39,True,0.08871490566037735,False,False,False
J263,281123.505,2116592.988,4,junction,48.75,0.00867,520.4,46.51,95.26,4,True,50.87396226415095,False,38.28,46.39,True,0.08871490566037735,False,False,False
J264,281124.276,2116579.431,3,junction,48.74,0.0032,192.1,46.21,94.95,4,True,50.87396226415095,False,38.28,46.39,False,0.08871490566037735,False,False,False
J265,281124.617,2116573.428,4,junction,48.74,0.0031,186.0,46.08,94.82,4,True,50.87396226415095,False,38.28,46.39,False,0.08871490566037735,False,False,False
J266,281125.563,2116556.799,3,junction,48.73,0.0189,1134.3,44.79,93.52,4,True,50.87396226415095,False,38.28,46.39,False,0.08871490566037735,False,False,False
J267,281128.207,2116510.293,3,junction,49.27,0.02917,1750.9,41.12,90.39,4,True,50.87396226415095,False,38.28,46.39,False,0.08871490566037735,False,False,False
J268,281129.413,2116489.073,3,junction,49.42,0.0266,1596.3,39.72,89.14,4,True,50.87396226415095,False,38.28,46.39,False,0.08871490566037735,False,False,False
J269,281131.014,2116638.235,1,dead_end,48.58,0.01418,851.4,46.84,95.42,4,True,50.87396226415095,False,38.28,46.39,True,0.08871490566037735,False,False,False
J270,281132.22,2116439.711,3,junction,47.71,0.02739,1644.1,41.32,89.03,4,True,50.87396226415095,False,38.28,46.39,False,0.08871490566037735,False,False,False
J271,281132.442,2116646.412,1,dead_end,48.58,0.0219,1314.5,46.87,95.45,4,True,50.87396226415095,False,38.28,46.39,True,0.08871490566037735,False,False,False
J272,281133.217,2116572.551,1,dead_end,48.74,0.01022,613.3,46.08,94.82,4,True,50.87396226415095,False,38.28,46.39,False,0.08871490566037735,False,False,False
J273,281136.074,2116578.911,1,dead_end,48.75,0.02205,1323.6,46.2,94.95,4,True,50.87396226415095,False,38.28,46.39,False,0.08871490566037735,False,False,False
J274,281146.226,2116438.535,4,junction,47.71,0.02486,1492.1,41.32,89.03,4,True,50.87396226415095,False,38.28,46.39,False,0.08871490566037735,False,False,False
J275,281155.18,2116440.162,1,dead_end,47.71,0.0412,2472.8,41.31,89.02,4,True,50.87396226415095,False,38.28,46.39,False,0.08871490566037735,False,False,False
