pipe_id,node1,node2,length_m,diameter_cad_mm,diameter_mm,material,diameter_from_cad,label_distance_m,peak_tree_flow_lps,flow_lps,velocity_ms,headloss_m_per_km
P1,J1,J3,71.16,50.0,50.0,,True,22.8,1.6056,-1.6056,0.8177,0.0257
P2,J3,J2,23.81,50.0,50.0,,True,30.9,0.2746,0.2747,0.1399,0.001
P3,J3,J8,85.88,100.0,100.0,UNK,False,inf,4.4766,-3.312,0.4217,0.0034
P4,J3,J6,162.95,100.0,100.0,UNK,False,inf,0.0,-1.1645,0.1483,0.0005
P5,J4,J3,325.56,50.0,50.0,GI,True,13.5,1.843,-1.8431,0.9387,0.0282
P6,J6,J5,29.8,50.0,50.0,UNK,False,inf,0.674,0.674,0.3433,0.0051
P7,J6,J7,6.23,50.0,50.0,UNK,False,inf,0.6867,0.6867,0.3497,0.0053
P8,J6,J8,91.54,100.0,100.0,UNK,False,inf,1.5276,-2.6921,0.3428,0.0023
P9,J8,J32,270.89,100.0,100.0,UNK,False,inf,6.8094,-6.8094,0.867,0.0127
P10,J9,J29,147.8,50.0,50.0,UNK,False,inf,0.012,-0.012,0.0061,0.0
P11,J11,J10,64.22,50.0,50.0,UNK,False,inf,0.3905,0.3905,0.1989,0.0019
P12,J11,J12,22.93,50.0,50.0,UNK,False,inf,0.1098,0.1098,0.0559,0.0002
P13,J11,J23,128.31,100.0,100.0,UNK,False,inf,0.9072,-0.9072,0.1155,0.0003
P14,J25,J13,95.76,50.0,50.0,,True,29.5,1.1801,1.1801,0.601,0.0145
P15,J16,J14,13.78,50.0,50.0,UNK,False,inf,0.0163,0.0163,0.0083,0.0
P16,J16,J15,19.57,50.0,50.0,UNK,False,inf,0.0476,0.0476,0.0242,0.0
P17,J17,J16,8.74,40.0,40.0,,True,52.3,0.082,0.082,0.0652,0.0003
P18,J17,J18,10.27,40.0,40.0,,True,48.7,0.1044,0.1044,0.0831,0.0005
P19,J22,J17,19.63,40.0,40.0,,True,41.4,0.1942,0.1942,0.1545,0.0015
P20,J19,J21,61.12,40.0,40.0,,True,57.7,0.0555,-0.0555,0.0442,1e-04
P21,J25,J20,37.5,50.0,50.0,,True,50.9,0.2166,0.2166,0.1103,0.0006
P22,J21,J24,32.43,40.0,40.0,,True,26.3,0.0624,0.0624,0.0497,0.0002
P23,J21,J22,0.68,40.0,40.0,,True,33.1,0.129,-0.129,0.1026,0.0007
P24,J22,J23,28.96,40.0,40.0,,True,24.5,0.3396,-0.3396,0.2703,0.0043
P25,J23,J30,86.71,40.0,40.0,,True,24.4,1.4188,-1.4189,1.1291,0.0606
P26,J26,J25,17.57,100.0,100.0,UNK,False,inf,1.7716,1.7716,0.2256,0.0011
P27,J26,J28,142.54,50.0,50.0,UNK,False,inf,1.3784,1.3784,0.702,0.0194
P28,J68,J26,429.58,150.0,150.0,,True,15.4,3.4516,3.4516,0.1953,0.0005
P29,J27,J32,82.48,50.0,50.0,CI,True,4.7,1.5772,-1.5772,0.8032,0.0296
P30,J29,J31,40.85,100.0,100.0,UNK,False,inf,1.7871,-0.1478,0.0188,0.0
P31,J29,J31,52.97,100.0,100.0,UNK,False,inf,0.0,-0.1287,0.0164,0.0
P32,J30,J29,59.85,40.0,40.0,,True,57.1,1.6802,-0.1697,0.135,0.0012
P33,J30,J33,88.97,100.0,100.0,UNK,False,inf,0.0,-1.5106,0.1923,0.0008
P34,J31,J42,290.1,75.0,75.0,CI,True,24.7,2.9795,-1.9723,0.4464,0.0062
P35,J31,J34,25.56,250.0,250.0,,True,59.1,1.136,1.6393,0.0334,0.0
P36,J32,J66,122.14,100.0,100.0,UNK,False,inf,0.238,-5.1965,0.6616,0.0077
P37,J94,J32,273.8,75.0,100.0,,True,24.0,9.5786,4.1441,0.5276,0.0051
P38,J33,J75,134.07,250.0,250.0,,True,45.1,0.5032,0.5032,0.0103,0.0
P39,J33,J34,25.99,250.0,250.0,,True,55.4,0.7461,-2.2567,0.046,0.0
P40,J34,J44,162.66,50.0,50.0,CI,True,31.4,0.0535,0.0535,0.0272,1e-04
P41,J34,J45,132.27,250.0,250.0,,True,6.0,0.185,-0.8222,0.0168,0.0
P42,J64,J35,112.36,50.0,50.0,,True,54.7,0.9106,0.9107,0.4638,0.009
P43,J36,J82,330.5,50.0,50.0,,True,57.5,0.2198,-0.2199,0.112,0.0006
P44,J37,J42,46.73,50.0,50.0,UNK,False,inf,0.0838,-0.0838,0.0427,1e-04
P45,J41,J38,16.86,50.0,50.0,GI,True,8.4,0.0904,0.0905,0.0461,1e-04
P46,J39,J41,7.02,40.0,40.0,,True,4.4,0.0422,-0.0423,0.0336,1e-04
P47,J40,J189,484.93,40.0,40.0,,True,58.8,1.0326,-1.0326,0.8217,0.0336
P48,J120,J41,315.7,100.0,100.0,UNK,False,inf,0.8428,0.8428,0.1073,0.0003
P49,J42,J59,45.25,100.0,100.0,UNK,False,inf,3.1463,-2.4518,0.3122,0.0019
P50,J42,J56,50.43,100.0,100.0,UNK,False,inf,0.0,0.3127,0.0398,0.0
P51,J48,J43,18.47,50.0,50.0,CI,True,52.7,0.0513,0.0513,0.0261,1e-04
P52,J45,J48,54.24,40.0,40.0,,True,34.8,0.0,-1.0072,0.8015,0.0321
P53,J45,J49,16.54,40.0,40.0,,True,24.2,0.0946,0.0946,0.0753,0.0004
P54,J123,J46,126.95,50.0,50.0,UNK,False,inf,0.3652,0.3652,0.186,0.0017
P55,J52,J47,17.8,50.0,50.0,UNK,False,inf,0.0855,0.0855,0.0435,1e-04
P56,J48,J52,51.11,100.0,100.0,UNK,False,inf,0.1266,-1.1338,0.1444,0.0005
P57,J51,J50,86.14,50.0,50.0,UNK,False,inf,0.9006,0.9006,0.4587,0.0088
P58,J122,J51,105.44,100.0,100.0,UNK,False,inf,1.454,1.454,0.1851,0.0007
P59,J51,J55,39.9,50.0,50.0,UNK,False,inf,0.218,0.218,0.111,0.0006
P60,J52,J56,56.64,100.0,100.0,UNK,False,inf,0.3775,-1.3847,0.1763,0.0007
P61,J52,J67,50.63,50.0,50.0,UNK,False,inf,0.1054,0.1054,0.0537,0.0002
P62,J53,J119,117.7,50.0,50.0,CI,True,5.4,0.2643,-0.2643,0.1346,0.0011
P63,J54,J88,133.84,50.0,50.0,UNK,False,inf,0.1682,-0.1682,0.0856,0.0004
P64,J56,J59,37.64,75.0,75.0,CI,True,57.6,0.4759,-1.1705,0.2649,0.0024
P65,J74,J57,27.92,50.0,50.0,,True,8.3,0.2505,0.2505,0.1276,0.0008
P66,J58,J64,33.88,50.0,50.0,,True,59.0,0.083,-0.0831,0.0423,1e-04
P67,J59,J119,100.14,75.0,100.0,CI,True,5.1,6.712,4.6834,0.5963,0.0076
P68,J59,J119,116.15,75.0,75.0,CI,True,17.4,0.0,2.0285,0.4592,0.0066
P69,J59,J90,49.22,75.0,100.0,CI,True,24.0,10.4044,-10.4044,1.3247,0.0333
P70,J60,J71,19.11,50.0,50.0,UNK,False,inf,0.0044,-0.0044,0.0022,0.0
P71,J61,J65,24.34,50.0,50.0,,True,55.2,0.0107,-0.0107,0.0055,0.0
P72,J62,J71,48.72,50.0,50.0,UNK,False,inf,0.4044,-0.4044,0.206,0.002
P73,J73,J63,12.22,50.0,50.0,UNK,False,inf,0.0086,0.0086,0.0044,0.0
P74,J65,J64,1.17,50.0,50.0,,True,43.7,0.0,0.4563,0.2324,0.0025
P75,J64,J74,34.61,50.0,50.0,,True,29.2,1.0208,-0.5645,0.2875,0.0037
P76,J76,J65,12.01,50.0,50.0,,True,47.0,0.0838,-0.0838,0.0427,1e-04
P77,J65,J74,34.6,50.0,50.0,,True,29.3,0.1014,-0.5576,0.284,0.0036
P78,J66,J68,3.68,100.0,100.0,UNK,False,inf,0.0,-3.0806,0.3922,0.0029
P79,J70,J66,6.95,100.0,100.0,UNK,False,inf,0.0,2.354,0.2997,0.0018
P80,J68,J82,15.2,100.0,100.0,UNK,False,inf,0.0,-5.1885,0.6606,0.0077
P81,J70,J68,2.49,100.0,100.0,UNK,False,inf,3.4615,1.3536,0.1723,0.0006
P82,J75,J69,11.69,50.0,50.0,UNK,False,inf,0.2448,0.2448,0.1247,0.0008
P83,J94,J70,103.34,100.0,100.0,UNK,False,inf,3.498,3.7441,0.4767,0.0042
P84,J71,J73,35.95,100.0,100.0,UNK,False,inf,0.5236,-0.1678,0.0214,0.0
P85,J71,J73,8.64,100.0,100.0,UNK,False,inf,0.0,-0.3558,0.0453,1e-04
P86,J88,J72,19.35,50.0,50.0,UNK,False,inf,0.0608,0.0608,0.031,1e-04
P87,J73,J105,172.29,300.0,300.0,CI,True,17.6,51.8823,51.8823,0.734,0.0031
P88,J84,J74,11.31,50.0,50.0,CI,True,19.3,0.0881,-0.0881,0.0449,1e-04
P89,J74,J77,21.38,300.0,300.0,CI,True,14.3,0.0,-0.7048,0.01,0.0
P90,J74,J78,21.43,300.0,300.0,CI,True,14.1,1.4836,-0.7788,0.011,0.0
P91,J75,J79,5.31,100.0,100.0,UNK,False,inf,0.235,0.235,0.0299,0.0
P92,J78,J77,0.52,300.0,300.0,CI,True,11.8,0.099,2.2343,0.0316,0.0
P93,J77,J100,97.88,150.0,150.0,,True,16.4,0.0,1.4305,0.0809,1e-04
P94,J89,J78,10.56,50.0,50.0,CI,True,6.8,0.1727,-0.1728,0.088,0.0005
P95,J78,J105,106.46,150.0,150.0,,True,16.4,1.7691,-3.1996,0.1811,0.0004
P96,J79,J125,110.71,40.0,40.0,,True,50.6,0.1446,0.1446,0.115,0.0009
P97,J79,J80,7.07,50.0,50.0,UNK,False,inf,0.0584,0.0584,0.0297,1e-04
P98,J98,J81,20.83,50.0,50.0,UNK,False,inf,0.0449,0.0449,0.0229,0.0
P99,J82,J87,19.67,100.0,100.0,UNK,False,inf,0.9021,-1.9459,0.2478,0.0013
P100,J82,J87,15.87,100.0,100.0,UNK,False,inf,0.0,-2.185,0.2782,0.0016
P101,J91,J82,11.3,100.0,100.0,UNK,False,inf,0.6691,1.2906,0.1643,0.0006
P102,J91,J83,49.5,50.0,50.0,UNK,False,inf,0.5729,0.5729,0.2918,0.0038
P103,J85,J90,23.28,50.0,50.0,CI,True,23.5,0.062,-0.062,0.0316,1e-04
P104,J86,J95,10.83,50.0,50.0,UNK,False,inf,0.005,-0.005,0.0026,0.0
P105,J87,J101,85.86,100.0,100.0,UNK,False,inf,1.1466,-3.2218,0.4102,0.0032
P106,J87,J97,11.47,100.0,100.0,UNK,False,inf,0.1965,-0.957,0.1219,0.0003
P107,J88,J98,24.79,100.0,100.0,UNK,False,inf,0.2919,-0.2919,0.0372,0.0
P108,J121,J90,46.81,75.0,100.0,CI,True,28.0,10.5581,11.547,1.4702,0.0404
P109,J90,J104,63.02,75.0,75.0,CI,True,44.2,0.0,0.9889,0.2238,0.0017
P110,J95,J91,15.13,100.0,100.0,UNK,False,inf,0.0,1.9597,0.2495,0.0013
P111,J91,J99,9.86,50.0,50.0,UNK,False,inf,0.0837,0.0837,0.0426,1e-04
P112,J92,J112,39.3,50.0,50.0,UNK,False,inf,0.0564,-0.0564,0.0287,1e-04
P113,J104,J93,16.34,50.0,50.0,UNK,False,inf,0.0647,0.0647,0.033,1e-04
P114,J100,J94,65.3,100.0,150.0,UNK,False,inf,13.4661,10.8818,0.6158,0.0042
P115,J101,J94,9.88,100.0,100.0,UNK,False,inf,0.0,-2.6041,0.3316,0.0021
P116,J97,J95,2.09,100.0,100.0,UNK,False,inf,0.0113,1.971,0.251,0.0013
P117,J112,J96,36.29,50.0,50.0,UNK,False,inf,0.1121,0.1121,0.0571,0.0002
P118,J97,J102,22.59,100.0,100.0,UNK,False,inf,0.0,-1.5566,0.1982,0.0008
P119,J102,J97,22.59,100.0,100.0,UNK,False,inf,0.0,1.5566,0.1982,0.0008
P120,J97,J130,78.54,50.0,50.0,UNK,False,inf,0.1747,0.1747,0.0889,0.0004
P121,J98,J112,47.67,100.0,100.0,UNK,False,inf,0.4157,-0.4157,0.0529,1e-04
P122,J100,J106,10.54,150.0,150.0,,True,49.9,13.7637,-9.7488,0.5517,0.0034
P123,J101,J107,60.02,100.0,100.0,UNK,False,inf,1.7282,-4.3125,0.5491,0.0055
P124,J109,J101,34.28,100.0,100.0,UNK,False,inf,0.5275,-3.6407,0.4635,0.004
P125,J109,J102,35.89,100.0,100.0,UNK,False,inf,0.1038,3.2169,0.4096,0.0032
P126,J102,J113,17.42,50.0,50.0,UNK,False,inf,0.0509,0.051,0.0259,0.0
P127,J111,J103,13.54,50.0,50.0,UNK,False,inf,0.0507,0.0507,0.0258,0.0
P128,J104,J111,38.69,100.0,100.0,UNK,False,inf,0.1424,0.8465,0.1078,0.0003
P129,J105,J106,1.54,150.0,150.0,,True,53.5,15.5338,19.9203,1.1273,0.0129
P130,J105,J110,4.22,150.0,200.0,,True,54.5,34.5595,28.7426,0.9149,0.0063
P131,J106,J107,5.63,150.0,150.0,,True,56.7,1.7656,4.3445,0.2459,0.0008
P132,J106,J108,3.27,150.0,150.0,,True,55.5,0.0034,5.8257,0.3297,0.0013
P133,J108,J107,5.07,150.0,150.0,,True,58.0,0.0,0.0054,0.0003,0.0
P134,J110,J108,1.7,150.0,150.0,,True,56.5,0.0,-5.8169,0.3292,0.0013
P135,J127,J109,74.8,50.0,50.0,UNK,False,inf,0.2649,-0.2649,0.1349,0.0009
P136,J109,J117,10.85,50.0,50.0,UNK,False,inf,0.1141,0.1141,0.0581,0.0002
P137,J110,J146,150.16,100.0,200.0,UNK,False,inf,34.4433,29.6409,0.9435,0.0066
P138,J110,J146,149.32,100.0,100.0,UNK,False,inf,0.0,4.8024,0.6115,0.0067
P139,J111,J128,83.9,100.0,100.0,UNK,False,inf,0.2751,0.7138,0.0909,0.0002
P140,J115,J112,8.25,100.0,100.0,UNK,False,inf,0.6176,0.319,0.0406,0.0
P141,J112,J115,9.32,100.0,100.0,UNK,False,inf,0.0,-0.2987,0.038,0.0
P142,J114,J128,57.73,50.0,50.0,UNK,False,inf,0.1171,-0.1171,0.0597,0.0002
P143,J131,J115,44.06,100.0,100.0,UNK,False,inf,1.0457,-0.0568,0.0072,0.0
P144,J115,J184,265.93,40.0,40.0,,True,36.6,1.7197,-0.7308,0.5815,0.0177
P145,J188,J116,189.78,50.0,50.0,GI,True,48.4,0.711,0.711,0.3621,0.0048
P146,J118,J188,207.19,50.0,50.0,GI,True,43.0,0.3838,-0.3838,0.1955,0.0015
P147,J119,J123,125.62,50.0,75.0,CI,True,56.1,6.1761,6.1761,1.398,0.0515
P148,J119,J126,16.72,50.0,50.0,CI,True,51.2,0.1274,0.1274,0.0649,0.0003
P149,J120,J185,190.78,50.0,50.0,GI,True,41.1,1.1132,1.1132,0.567,0.0111
P150,J120,J122,32.54,250.0,250.0,,True,37.6,2.3452,-1.1727,0.0239,0.0
P151,J122,J120,32.55,250.0,250.0,,True,37.5,0.0,1.1725,0.0239,0.0
P152,J121,J134,72.13,75.0,75.0,CI,True,32.0,0.127,-2.9709,0.6725,0.0133
P153,J121,J138,56.61,75.0,100.0,CI,True,34.6,10.7453,-8.6363,1.0996,0.0236
P154,J123,J122,98.28,100.0,100.0,UNK,False,inf,5.0237,5.0237,0.6396,0.0073
P155,J122,J241,433.4,50.0,50.0,GI,True,42.0,0.8117,0.8117,0.4134,0.0062
P156,J128,J124,13.22,50.0,50.0,UNK,False,inf,0.0506,0.0506,0.0257,0.0
P157,J128,J131,39.59,100.0,100.0,UNK,False,inf,0.5301,0.4588,0.0584,1e-04
P158,J129,J135,30.55,50.0,50.0,UNK,False,inf,0.3235,0.3235,0.1648,0.0013
P159,J158,J129,312.22,40.0,40.0,GI,True,11.9,1.5141,1.5141,1.2049,0.0581
P160,J129,J165,105.63,50.0,50.0,UNK,False,inf,0.468,0.468,0.2384,0.0026
P161,J131,J136,44.63,100.0,100.0,UNK,False,inf,0.4133,0.2066,0.0263,0.0
P162,J136,J131,44.63,100.0,100.0,UNK,False,inf,0.0,-0.2066,0.0263,0.0
P163,J132,J134,12.58,50.0,50.0,CI,True,43.3,0.0929,-0.0929,0.0473,0.0002
P164,J133,J136,11.28,50.0,50.0,UNK,False,inf,0.0954,-0.0954,0.0486,1e-04
P165,J134,J137,15.62,75.0,75.0,CI,True,30.4,0.0,-1.9502,0.4414,0.0061
P166,J134,J143,58.9,100.0,100.0,UNK,False,inf,0.0,-1.1477,0.1461,0.0005
P167,J136,J140,62.77,50.0,50.0,UNK,False,inf,0.2221,0.2221,0.1131,0.0007
P168,J137,J141,10.08,50.0,50.0,CI,True,20.4,0.0565,0.0565,0.0288,1e-04
P169,J137,J138,37.43,75.0,75.0,CI,True,14.5,0.0829,-2.1916,0.4961,0.0076
P170,J144,J137,54.63,75.0,75.0,CI,True,48.5,0.0,-0.1586,0.0359,1e-04
P171,J138,J162,61.83,75.0,100.0,CI,True,27.5,11.0089,-11.0087,1.4017,0.037
P172,J139,J143,13.71,50.0,50.0,GI,True,31.4,0.1118,-0.1118,0.0569,0.0002
P173,J156,J142,52.67,50.0,50.0,CI,True,52.3,0.2854,0.2854,0.1454,0.0013
P174,J143,J144,17.83,50.0,50.0,GI,True,45.3,0.0,-0.6065,0.3089,0.0036
P175,J143,J155,63.58,50.0,50.0,GI,True,20.6,0.1507,-0.6919,0.3524,0.0046
P176,J144,J153,11.46,50.0,50.0,GI,True,57.5,0.127,0.127,0.0647,0.0002
P177,J157,J144,64.71,50.0,50.0,GI,True,37.3,0.1598,0.6077,0.3095,0.0036
P178,J148,J145,56.19,50.0,50.0,GI,True,52.6,0.2008,0.2008,0.1023,0.0005
P179,J146,J148,6.18,50.0,50.0,GI,True,23.0,0.2172,0.8154,0.4153,0.0062
P180,J170,J146,148.04,50.0,50.0,CI,True,31.1,0.4003,-0.4003,0.2039,0.0023
P181,J146,J150,10.39,50.0,200.0,GI,True,21.5,33.5656,32.2391,1.0262,0.0066
P182,J146,J148,7.62,50.0,50.0,GI,True,21.6,0.0,0.7282,0.3709,0.0051
P183,J147,J151,2.17,100.0,100.0,UNK,False,inf,0.1309,-0.3596,0.0458,1e-04
P184,J147,J151,8.71,100.0,100.0,UNK,False,inf,0.0,-0.1724,0.022,0.0
P185,J147,J149,7.85,50.0,50.0,UNK,False,inf,0.9476,0.9476,0.4826,0.0097
P186,J150,J147,56.6,50.0,50.0,GI,True,54.3,1.0862,0.4233,0.2156,0.0019
P187,J148,J150,1.96,50.0,50.0,GI,True,25.5,0.0,1.3265,0.6756,0.0153
P188,J150,J154,7.01,50.0,200.0,GI,True,28.6,32.4618,33.1247,1.0544,0.0069
P189,J151,J154,47.67,50.0,50.0,GI,True,55.1,0.0,-0.331,0.1686,0.0012
P190,J151,J154,47.45,50.0,50.0,GI,True,55.0,0.0,-0.3319,0.169,0.0012
P191,J152,J155,10.43,50.0,50.0,,True,37.9,0.0902,-0.0902,0.0459,1e-04
P192,J154,J233,280.15,100.0,200.0,CI,True,47.0,31.9915,31.9915,1.0183,0.0091
P193,J154,J216,198.57,50.0,50.0,CI,True,5.8,0.2619,0.2619,0.1334,0.0011
P194,J155,J157,18.02,50.0,50.0,,True,37.7,0.0,-0.1516,0.0772,0.0003
P195,J155,J164,63.34,50.0,50.0,,True,17.5,0.2738,-0.6634,0.3378,0.005
P196,J156,J168,27.15,50.0,50.0,GI,True,58.3,0.1542,0.1542,0.0785,0.0003
P197,J156,J158,32.2,75.0,75.0,GI,True,44.3,0.5293,-0.5293,0.1198,0.0004
P198,J157,J163,13.74,50.0,50.0,,True,39.9,0.1042,0.1042,0.0531,0.0002
P199,J169,J157,56.35,50.0,50.0,,True,12.0,0.3033,0.9028,0.4598,0.0088
P200,J190,J158,65.86,75.0,75.0,GI,True,43.0,2.1321,1.2174,0.2756,0.0018
P201,J158,J173,24.74,75.0,75.0,GI,True,30.2,0.0,-0.9146,0.207,0.0011
P202,J159,J164,9.11,50.0,50.0,,True,38.6,0.084,-0.084,0.0428,1e-04
P203,J160,J169,17.15,50.0,50.0,,True,18.2,0.0442,-0.0442,0.0225,0.0
P204,J166,J161,11.73,50.0,50.0,GI,True,28.0,0.1633,0.1633,0.0832,0.0003
P205,J162,J179,24.46,100.0,100.0,UNK,False,inf,1.5751,1.5751,0.2005,0.0008
P206,J162,J191,185.19,100.0,150.0,UNK,False,inf,12.6846,-12.6844,0.7178,0.0056
P207,J164,J172,18.03,50.0,50.0,,True,29.2,0.549,-0.9386,0.478,0.0095
P208,J164,J175,61.57,40.0,40.0,,True,52.2,0.1691,0.1691,0.1346,0.0012
P209,J174,J166,39.89,75.0,75.0,GI,True,25.0,0.3093,0.3093,0.07,1e-04
P210,J166,J167,7.41,50.0,50.0,GI,True,33.2,0.1178,0.1179,0.06,0.0002
P211,J169,J191,51.13,40.0,40.0,,True,19.7,0.3827,-1.3643,1.0856,0.0563
P212,J172,J169,9.04,50.0,50.0,,True,20.7,0.0,-0.3821,0.1946,0.0018
P213,J179,J171,15.93,50.0,50.0,UNK,False,inf,0.4177,0.4177,0.2127,0.0021
P214,J172,J177,8.7,50.0,50.0,,True,25.9,0.0587,0.0587,0.0299,1e-04
P215,J184,J172,68.37,40.0,40.0,,True,36.4,0.6203,0.6278,0.4996,0.0134
P216,J173,J174,20.93,75.0,75.0,GI,True,24.8,0.3959,0.3959,0.0896,0.0002
P217,J173,J190,42.5,75.0,75.0,GI,True,49.5,0.4329,-1.3475,0.305,0.0022
P218,J178,J174,7.55,50.0,50.0,GI,True,23.9,0.0579,-0.0579,0.0295,0.0
P219,J176,J187,33.74,50.0,50.0,,True,30.3,0.4344,-0.4344,0.2213,0.0023
P220,J179,J182,10.27,100.0,100.0,UNK,False,inf,1.1445,1.1445,0.1457,0.0005
P221,J186,J180,55.92,50.0,50.0,UNK,False,inf,0.5362,0.5362,0.2731,0.0034
P222,J182,J181,13.69,50.0,50.0,UNK,False,inf,0.1407,0.1407,0.0717,0.0003
P223,J182,J183,4.94,100.0,100.0,UNK,False,inf,0.9956,0.9956,0.1268,0.0004
P224,J183,J228,118.47,100.0,100.0,UNK,False,inf,0.5818,0.5818,0.0741,1e-04
P225,J183,J192,121.55,50.0,50.0,UNK,False,inf,0.2215,0.2215,0.1128,0.0007
P226,J195,J184,96.71,40.0,50.0,,True,41.8,2.4552,1.4739,0.7506,0.0219
P227,J187,J186,37.94,75.0,75.0,,True,44.3,0.5033,-0.1086,0.0246,0.0
P228,J186,J205,116.41,75.0,75.0,,True,14.4,1.1706,-0.7759,0.1756,0.0009
P229,J189,J187,31.85,75.0,75.0,,True,15.6,0.0,0.3947,0.0893,0.0003
P230,J201,J188,28.11,75.0,75.0,,True,10.7,0.0,1.3372,0.3027,0.0025
P231,J188,J189,2.73,150.0,150.0,,True,16.8,1.3387,-0.0015,1e-04,0.0
P232,J189,J205,33.67,75.0,75.0,,True,8.7,2.4005,-1.458,0.33,0.003
P233,J190,J196,14.03,50.0,50.0,GI,True,50.8,2.8484,-2.8484,1.4507,0.0632
P234,J212,J190,152.89,50.0,50.0,UNK,False,inf,0.231,-0.2311,0.1177,0.0007
P235,J191,J195,20.29,40.0,150.0,,True,35.7,13.1355,-14.1168,0.7989,0.0068
P236,J191,J193,10.0,40.0,40.0,,True,26.8,0.008,0.008,0.0063,0.0
P237,J194,J211,96.25,50.0,50.0,GI,True,21.0,0.2218,-0.2218,0.113,0.0006
P238,J195,J198,7.99,40.0,150.0,,True,36.5,15.6055,-15.6055,0.8831,0.0082
P239,J196,J202,9.06,50.0,75.0,GI,True,49.0,3.5628,-3.5628,0.8064,0.0133
P240,J196,J206,293.06,50.0,50.0,UNK,False,inf,0.7,0.7,0.3565,0.0055
P241,J197,J214,205.25,50.0,50.0,GI,True,56.3,0.8236,-0.8237,0.4195,0.0063
P242,J198,J215,71.18,100.0,150.0,UNK,False,inf,15.8247,-15.8247,0.8955,0.0084
P243,J198,J199,25.43,40.0,40.0,,True,52.8,0.0717,0.0717,0.0571,0.0002
P244,J198,J203,10.76,40.0,40.0,,True,38.8,0.129,0.129,0.1026,0.0007
P245,J202,J200,11.26,50.0,50.0,GI,True,54.7,0.0382,0.0382,0.0195,0.0
P246,J204,J201,4.82,75.0,75.0,,True,19.9,0.0518,0.458,0.1037,0.0003
P247,J201,J204,37.92,150.0,150.0,,True,27.5,0.0,-0.9309,0.0527,0.0
P248,J202,J210,21.0,50.0,75.0,GI,True,50.7,3.6187,-3.6187,0.8191,0.0137
P249,J232,J204,118.81,150.0,150.0,,True,33.0,18.3342,-15.5875,0.8821,0.0082
P250,J205,J204,2.82,150.0,150.0,,True,21.1,18.4575,17.0479,0.9647,0.0097
P251,J205,J227,62.88,150.0,150.0,,True,11.9,22.0926,-19.3459,1.0948,0.0122
P252,J207,J208,8.3,50.0,50.0,UNK,False,inf,0.0636,0.0636,0.0324,1e-04
P253,J207,J209,19.54,100.0,100.0,UNK,False,inf,0.0793,-0.0393,0.005,0.0
P254,J207,J209,18.93,100.0,100.0,UNK,False,inf,0.0,-0.04,0.0051,0.0
P255,J209,J210,1.92,50.0,50.0,GI,True,55.3,0.0,0.3859,0.1966,0.0016
P256,J209,J211,2.07,50.0,50.0,GI,True,55.4,0.0878,-0.4737,0.2413,0.0023
P257,J210,J211,0.69,50.0,75.0,GI,True,54.6,3.6331,-3.2472,0.735,0.0112
P258,J211,J214,20.51,100.0,100.0,UNK,False,inf,3.9566,-3.9566,0.5038,0.0047
P259,J213,J214,57.74,50.0,50.0,UNK,False,inf,0.1419,-0.1419,0.0723,0.0003
P260,J214,J222,15.1,100.0,100.0,UNK,False,inf,4.9503,-4.9503,0.6303,0.0071
P261,J215,J234,61.37,100.0,150.0,UNK,False,inf,16.1506,-16.1506,0.9139,0.0088
P262,J215,J218,34.87,50.0,50.0,UNK,False,inf,0.1576,0.1576,0.0803,0.0003
P263,J215,J217,12.0,50.0,50.0,UNK,False,inf,0.1126,0.1127,0.0574,0.0002
P264,J223,J219,34.9,50.0,50.0,,True,28.4,0.3875,0.3875,0.1974,0.0018
P265,J232,J220,87.71,40.0,40.0,,True,23.8,0.5862,0.5862,0.4665,0.0118
P266,J222,J221,25.1,50.0,50.0,UNK,False,inf,0.1542,0.1542,0.0785,0.0003
P267,J222,J224,1.49,100.0,100.0,UNK,False,inf,5.1194,-2.5825,0.3288,0.0021
P268,J224,J222,1.54,100.0,100.0,UNK,False,inf,0.0,2.5369,0.323,0.002
P269,J223,J229,18.09,50.0,50.0,,True,8.6,0.1322,0.1322,0.0673,0.0003
P270,J226,J223,45.51,50.0,50.0,,True,17.8,0.6,0.6,0.3056,0.0041
P271,J231,J224,27.4,100.0,100.0,UNK,False,inf,5.1438,2.5719,0.3275,0.0021
P272,J224,J231,27.4,100.0,100.0,UNK,False,inf,0.0,-2.5719,0.3275,0.0021
P273,J228,J225,23.17,50.0,50.0,UNK,False,inf,0.3348,0.3348,0.1705,0.0014
P274,J226,J238,39.46,50.0,50.0,,True,33.6,0.1585,0.1585,0.0807,0.0004
P275,J227,J226,13.25,50.0,50.0,,True,35.4,0.8058,0.8058,0.4104,0.0072
P276,J254,J227,164.68,100.0,150.0,UNK,False,inf,22.972,20.2253,1.1445,0.0133
P277,J228,J230,20.99,50.0,50.0,UNK,False,inf,0.102,0.102,0.052,0.0002
P278,J228,J237,23.89,50.0,50.0,UNK,False,inf,0.0783,0.0783,0.0399,1e-04
P279,J231,J236,36.85,50.0,50.0,GI,True,59.6,0.4104,0.4104,0.209,0.0017
P280,J233,J231,41.8,75.0,200.0,GI,True,36.7,30.9796,30.9796,0.9861,0.0061
P281,J231,J252,475.9,100.0,150.0,UNK,False,inf,25.3518,25.3518,1.4346,0.0202
P282,J248,J232,410.44,100.0,150.0,UNK,False,inf,17.5056,-14.7589,0.8352,0.0074
P283,J233,J246,243.24,50.0,50.0,UNK,False,inf,0.7447,0.7447,0.3793,0.0062
P284,J239,J234,31.77,50.0,50.0,UNK,False,inf,0.1151,-0.1152,0.0586,0.0002
P285,J243,J234,67.5,100.0,150.0,UNK,False,inf,16.3696,16.3696,0.9263,0.009
P286,J234,J235,7.11,50.0,50.0,UNK,False,inf,0.0762,0.0763,0.0388,1e-04
P287,J242,J240,7.04,50.0,50.0,UNK,False,inf,0.0233,0.0233,0.0119,0.0
P288,J242,J247,92.84,100.0,150.0,UNK,False,inf,16.5098,-11.7714,0.6661,0.0049
P289,J243,J242,47.32,100.0,150.0,UNK,False,inf,16.4341,-11.6957,0.6618,0.0048
P290,J244,J243,26.23,100.0,100.0,UNK,False,inf,0.0,4.7385,0.6033,0.0065
P291,J247,J244,73.66,100.0,100.0,UNK,False,inf,0.1572,4.8957,0.6233,0.0069
P292,J244,J245,8.73,50.0,50.0,UNK,False,inf,0.1158,0.1158,0.059,0.0002
P293,J248,J247,44.55,100.0,150.0,UNK,False,inf,16.892,16.892,0.9559,0.0095
P294,J274,J248,95.92,100.0,100.0,UNK,False,inf,0.4225,2.3242,0.2959,0.0017
P295,J252,J249,17.37,50.0,50.0,UNK,False,inf,0.2664,0.2664,0.1357,0.0009
P296,J250,J254,34.56,50.0,50.0,UNK,False,inf,0.1857,-0.1857,0.0946,0.0005
P297,J258,J251,7.17,50.0,50.0,UNK,False,inf,0.1594,0.1595,0.0812,0.0004
P298,J252,J254,90.46,100.0,150.0,UNK,False,inf,24.5293,24.5293,1.3881,0.019
P299,J262,J253,8.62,50.0,50.0,UNK,False,inf,0.1497,0.1497,0.0763,0.0003
P300,J254,J258,49.23,100.0,100.0,UNK,False,inf,1.2334,3.9801,0.5068,0.0047
P301,J266,J255,9.18,50.0,50.0,GI,True,26.8,0.2013,0.2013,0.1025,0.0005
P302,J263,J256,7.04,50.0,50.0,GI,True,59.3,0.1217,0.1217,0.062,0.0002
P303,J257,J268,32.08,50.0,50.0,UNK,False,inf,0.1223,-0.1224,0.0623,0.0002
P304,J258,J260,41.37,100.0,100.0,UNK,False,inf,0.9946,3.7413,0.4764,0.0042
P305,J267,J259,8.34,50.0,50.0,GI,True,31.9,0.1229,0.1229,0.0626,0.0002
P306,J260,J271,12.06,50.0,50.0,UNK,False,inf,0.0548,0.0548,0.0279,0.0
P307,J260,J261,7.36,100.0,100.0,UNK,False,inf,0.9004,3.6471,0.4644,0.004
P308,J261,J269,10.1,50.0,50.0,UNK,False,inf,0.0354,0.0355,0.0181,0.0
P309,J261,J262,13.58,100.0,100.0,UNK,False,inf,0.8584,3.6051,0.459,0.0039
P310,J262,J263,30.28,100.0,100.0,UNK,False,inf,0.6842,3.4309,0.4368,0.0036
P311,J263,J265,19.59,50.0,50.0,GI,True,51.2,0.4777,1.6342,0.8323,0.0226
P312,J263,J264,13.58,50.0,50.0,GI,True,54.0,0.0631,1.6533,0.842,0.0231
P313,J264,J265,6.01,50.0,50.0,GI,True,45.1,0.0,1.5902,0.8099,0.0215
P314,J264,J273,11.81,50.0,50.0,GI,True,50.2,0.0551,0.0551,0.0281,0.0
P315,J265,J266,16.66,50.0,50.0,GI,True,35.5,0.4444,3.1911,1.6252,0.078
P316,J265,J272,8.64,50.0,50.0,GI,True,44.2,0.0256,0.0256,0.013,0.0
P317,J266,J267,46.58,50.0,50.0,GI,True,21.4,0.1958,2.9425,1.4986,0.0671
P318,J267,J268,21.25,50.0,50.0,GI,True,42.6,0.0,2.7467,1.3989,0.0591
P319,J268,J270,49.44,100.0,100.0,UNK,False,inf,0.1888,2.5578,0.3257,0.0021
P320,J270,J274,14.06,100.0,100.0,UNK,False,inf,0.2573,1.2671,0.1613,0.0006
P321,J270,J274,15.03,100.0,100.0,UNK,False,inf,0.0,1.2223,0.1556,0.0005
P322,J274,J275,10.58,50.0,50.0,UNK,False,inf,0.103,0.103,0.0525,0.0002
